run,max_steps,init_cars,av_travel_time,free_flow_travel_time,av_waiting_agents,travel_time_index,sim_type
0,500,500,300.9614147909968,29.536650301052212,60.959311915199386,10.189422690909383,static
0,500,500,256.2497320471597,29.522216039704162,48.01923248671049,8.67989488670267,dynamic
1,500,500,294.4540540540541,28.975688899309148,61.554804242973496,10.162107105625175,static
1,500,500,251.20216216216213,28.98395335228076,47.51082669179159,8.666939223540911,dynamic
2,500,500,293.52282608695646,28.59258884383081,61.721120667745794,10.265696040681798,static
2,500,500,248.9695652173913,28.581359721989283,52.231026004483006,8.710906956111145,dynamic
3,500,500,305.6256684491978,28.260306585183297,66.43392522951054,10.814662166808743,static
3,500,500,241.82032085561497,28.206650402598854,46.19109058577195,8.573166873913342,dynamic
4,500,500,307.2279020234292,29.07676663379655,66.11475201740022,10.566095807445508,static
4,500,500,256.0894568690096,29.06314275314881,48.82143595912167,8.811485359451154,dynamic
5,500,500,301.9011815252417,29.266851092575852,63.56276780824858,10.31546511684085,static
5,500,500,248.09989258861438,29.26658761602952,45.47642557621279,8.477240184049617,dynamic
6,500,500,297.00106951871663,29.922820739828506,61.798237395183925,9.925570590455598,static
6,500,500,251.2385026737968,29.821648590013105,47.52533601427286,8.424702005171286,dynamic
7,500,500,299.7161290322581,29.068354949710216,63.646569489888286,10.310735834579656,static
7,500,500,243.55268817204305,29.03277591134253,47.35592163224656,8.388887404903361,dynamic
8,500,500,304.5390455531453,29.408466957039607,63.441074982558405,10.355488642030243,static
8,500,500,249.05639913232102,29.3606681663125,47.84805716514738,8.482654336118975,dynamic
9,500,500,298.12756756756755,29.083709555101,63.588979939480616,10.250672012892485,static
9,500,500,251.65621621621625,29.035710632347303,48.06977571316136,8.667127848279971,dynamic
10,500,500,305.93910256410254,29.34883989836805,66.22243664537605,10.42423154112863,static
10,500,500,249.3525641025641,29.26631423857316,48.25167101444235,8.520121873560562,dynamic
11,500,500,293.6053475935829,29.51084225096109,61.25541083847838,9.94906702752684,static
11,500,500,245.56684491978612,29.478800175839762,48.79711427646424,8.330286288959881,dynamic
12,500,500,286.8782327586207,28.544137045585394,62.94201896907053,10.050338263877867,static
12,500,500,230.58081896551724,28.49813683853573,43.47937855795184,8.091083998646585,dynamic
13,500,500,294.43581445523193,28.66317698034675,61.15308155392938,10.272267259735912,static
13,500,500,243.87810140237332,28.580927254478308,45.73858872913446,8.532896754221307,dynamic
14,500,500,316.3987138263665,28.89477031980436,70.05068708945768,10.950033875490195,static
14,500,500,239.28295819935693,28.65355284358688,45.4535661480561,8.350900131147691,dynamic
15,500,500,293.7591792656588,28.42868732123088,61.124901831231384,10.333195337031123,static
15,500,500,247.19438444924407,28.456435638136202,46.097900711262895,8.68676553847678,dynamic
16,500,500,289.68776824034336,28.874752730749,60.39209093235826,10.032562735397976,static
16,500,500,243.40557939914163,28.75199994041252,45.710874329163026,8.465692122412039,dynamic
17,500,500,303.0539956803456,29.57304705888626,62.81276675643068,10.24764188407438,static
17,500,500,254.5961123110151,29.499738064059905,48.59735426952526,8.630453319895556,dynamic
18,500,500,308.6516613076098,29.549980331138464,65.00310185446176,10.445071632835113,static
18,500,500,251.71489817792067,29.459129184072236,47.4512885120837,8.544546466567526,dynamic
19,500,500,307.6,29.258378427449536,65.37871726679207,10.51322788659459,static
19,500,500,245.1784946236559,29.224365196776304,44.900098949118146,8.389523364247488,dynamic
20,500,500,300.1646542261252,29.50542344084648,61.96198059094015,10.173202727556372,static
20,500,500,247.6388583973656,29.49872080796111,45.3907487094686,8.394901596225582,dynamic
21,500,500,304.13906581740974,29.08150091101696,63.37379362016786,10.458162621936498,static
21,500,500,251.19214437367302,29.057850533521474,46.0356668861391,8.644553528964398,dynamic
22,500,500,293.31060606060606,29.17631534053885,61.022759977970715,10.053037974026402,static
22,500,500,249.49891774891773,29.147452478527107,48.828234810983886,8.559887624234854,dynamic
23,500,500,295.8196721311475,29.33252998859904,61.15286305172358,10.085037746356235,static
23,500,500,247.3606557377049,29.340631695559093,46.5719522872297,8.430652015414674,dynamic
24,500,500,293.9254859611231,29.13236136719387,60.453426154274084,10.089312097168834,static
24,500,500,254.0755939524838,29.12153084888977,45.78921353432352,8.724664759928658,dynamic
25,500,500,291.09743040685225,29.20553748160729,61.53030116414993,9.9671999048186,static
25,500,500,248.64346895074942,29.174488221341825,47.88076540858158,8.522633441393529,dynamic
26,500,500,302.89815817984834,29.79512588404561,63.259715700152256,10.166030489639283,static
26,500,500,249.273022751896,29.797519437406788,47.82697512476453,8.365562887727059,dynamic
27,500,500,302.742639040349,28.89770780658239,60.974466283723324,10.476354770650342,static
27,500,500,245.15267175572518,28.84343158955084,45.71191339281381,8.499428058502481,dynamic
28,500,500,302.9870410367172,29.057382365252376,61.60917230006506,10.42719668372597,static
28,500,500,248.62634989200862,29.074821395614897,46.409534047210904,8.551259748392019,dynamic
29,500,500,314.4851063829787,29.16325333934698,65.9206822338254,10.783608492632618,static
29,500,500,257.3755319148936,29.17925226741952,47.38416652088426,8.820497850874323,dynamic
30,500,500,292.2079314040729,29.33323763012493,60.345606400990235,9.961666526165473,static
30,500,500,243.86495176848874,29.329297113917466,45.017091686126136,8.314721993551249,dynamic
31,500,500,293.42352941176466,29.040604472477412,59.82143027130952,10.103905712081524,static
31,500,500,249.57433155080213,29.07069326578209,48.25212165800047,8.58508358466173,dynamic
32,500,500,309.28768577494685,29.49005742124309,65.69401422948313,10.487863124747673,static
32,500,500,255.13906581740972,29.48680797497313,49.0687876696256,8.652651247770141,dynamic
33,500,500,297.8383947939262,29.913748315963225,65.86737616404174,9.956572197105343,static
33,500,500,249.441431670282,29.842667103876767,46.93444807607977,8.358550219456689,dynamic
34,500,500,297.23068432671084,29.42251398286625,62.20184289362485,10.102151179188787,static
34,500,500,242.9779249448124,29.402829044867328,46.13542051701018,8.263760081522749,dynamic
35,500,500,301.44528710725893,29.805768824035248,63.135111705258645,10.113655812299484,static
35,500,500,245.05200433369447,29.7888757259023,47.1516609744794,8.226292478726029,dynamic
36,500,500,299.33874458874465,28.96313483814741,64.11597732437511,10.335163864737627,static
36,500,500,244.9805194805195,28.976366984127086,45.596393197321746,8.454493954149497,dynamic
37,500,500,306.30918918918917,29.15916003247073,65.61602717547532,10.504732950060733,static
37,500,500,250.0691891891892,29.08383214920405,48.10326015388832,8.598220066265684,dynamic
38,500,500,286.8776824034335,29.43650734297293,59.28235563135561,9.745642683112566,static
38,500,500,242.5321888412017,29.432227606958648,46.61300630111722,8.240361282876867,dynamic
39,500,500,298.12078346028284,29.558895713014568,60.857756137508325,10.085653616925294,static
39,500,500,243.721436343852,29.536463191086764,47.11295780052315,8.251544362880928,dynamic
40,500,500,296.46294307196564,29.18644649646258,60.98513366534779,10.157555257982407,static
40,500,500,256.3104189044039,29.138309549240926,51.56809901858906,8.7963379780582,dynamic
41,500,500,303.28068303094983,28.888830524986183,65.48316043229764,10.498198698927599,static
41,500,500,245.6296691568837,28.883062229692488,47.52669186757762,8.504280716619112,dynamic
42,500,500,300.02045209903116,29.43202253037633,61.760772173458136,10.193674314749684,static
42,500,500,243.416576964478,29.44311100049212,46.23070191224078,8.267352487324096,dynamic
43,500,500,293.2843243243243,29.18855286817828,63.18329308526632,10.047922747279005,static
43,500,500,253.9232432432433,29.156595486542287,48.38604905731678,8.708946946856182,dynamic
44,500,500,308.53168635875403,29.15116466671752,64.6689540749291,10.583854535013174,static
44,500,500,257.92158968850697,29.06795581412496,48.470548323836276,8.873055654060662,dynamic
45,500,500,299.96548004314997,29.452475310758878,62.2848968352066,10.1847290211826,static
45,500,500,247.99137001078748,29.424833809283037,48.9984615923111,8.427961619703371,dynamic
46,500,500,293.0897435897436,29.04401312483021,62.195342950012396,10.091227487401744,static
46,500,500,238.02884615384616,29.03647165948343,45.214705712756775,8.197581612024305,dynamic
47,500,500,294.2532608695652,29.299265407318483,62.337827037510394,10.043025201446367,static
47,500,500,246.7391304347826,29.2904958773141,47.42253612568718,8.423863203554895,dynamic
48,500,500,303.71811361200434,30.018987865638298,64.92337234907069,10.117533441547506,static
48,500,500,248.4844587352626,30.038713990043753,44.60698862233171,8.272140372508026,dynamic
49,500,500,303.1923890063425,29.15490357314625,63.3608787974225,10.39936174872498,static
49,500,500,241.7029598308668,29.09760437803678,46.66260081135875,8.306627469761983,dynamic
0,500,750,364.7013769363167,29.824183768420163,78.01625930205714,12.228377472730264,static
0,500,750,308.99311531841647,29.702080155571466,55.016382514461135,10.403079976216958,dynamic
1,500,750,358.63596872284967,29.133342547059392,73.53410067466028,12.310155216262649,static
1,500,750,315.53258036490007,29.041351849984583,57.00132862564126,10.864941205037864,dynamic
2,500,750,336.723275862069,28.70403285938933,71.52526407308297,11.730869927287026,static
2,500,750,286.0801724137931,28.55213222606649,53.91204989463811,10.019572974400068,dynamic
3,500,750,357.30579216354346,28.496387094858648,73.9887899442725,12.538634844275007,static
3,500,750,303.1882453151618,28.42000436200557,54.693448741592114,10.668128035915833,dynamic
4,500,750,360.389410760034,29.21245935701716,76.19171977521864,12.336839098535695,static
4,500,750,310.8736122971818,29.149323219970412,58.068623301205044,10.664865525392377,dynamic
5,500,750,355.61206896551727,29.36605398538494,72.09079134930835,12.109630702936807,static
5,500,750,304.72413793103453,29.34907436499988,53.94239301008917,10.382751228925713,dynamic
6,500,750,349.6698032506416,29.72055082838596,73.21043904273795,11.765253116260336,static
6,500,750,318.94952951240384,29.604675015101428,60.48752715649074,10.7736203606257,dynamic
7,500,750,353.19759450171824,29.13510971426975,75.33710008055726,12.122748050910197,static
7,500,750,297.97852233676974,29.13040069041419,55.043383138958674,10.229125424794594,dynamic
8,500,750,353.14965397923874,29.48104407557103,72.88776861639646,11.978872019389241,static
8,500,750,308.7102076124568,29.460037083442998,55.85130594811416,10.478948371248203,dynamic
9,500,750,351.36606373815675,29.223714888283528,73.85185723764934,12.023319591002018,static
9,500,750,306.64168819982774,29.208382196015247,57.03060082931036,10.498413987532023,dynamic
10,500,750,359.4025641025641,29.213097458374605,75.27589520570683,12.302788658911386,static
10,500,750,304.5760683760684,29.11860865827116,53.98659531087639,10.459842774443596,dynamic
11,500,750,352.85616438356163,29.39193220658791,72.71009254892363,12.005204758347686,static
11,500,750,301.58561643835617,29.185607310066015,55.01422648962826,10.333367856091877,dynamic
12,500,750,344.4326424870467,28.773005218321696,72.26241686506327,11.97068710319224,static
12,500,750,296.29274611398966,28.751434850547447,54.972129771128365,10.305320331112037,dynamic
13,500,750,358.8936905790838,28.592217230164195,72.70957776117547,12.552146190343661,static
13,500,750,299.3630077787381,28.55860130260048,54.20288416894166,10.482411397069324,dynamic
14,500,750,364.2141014617369,28.93693407208309,77.48552331299315,12.5864786004787,static
14,500,750,294.3834909716251,28.776736237097012,53.68735667407114,10.229912403760574,dynamic
15,500,750,353.26233766233764,28.55840670875172,70.8725771900921,12.369819551385564,static
15,500,750,302.0277056277056,28.565322173798588,55.937267759565394,10.573229448983396,dynamic
16,500,750,348.7392426850258,28.76553313714759,70.48912234359517,12.123510488135768,static
16,500,750,300.41824440619615,28.76584882230595,53.83587210511093,10.443573080772168,dynamic
17,500,750,357.8833189282627,29.47205379832653,73.57764791242283,12.143141478269966,static
17,500,750,303.7018150388937,29.39037066378728,54.96193018734672,10.333378184069431,dynamic
18,500,750,360.7881646655232,29.382057964543318,74.47324981702359,12.279199949196984,static
18,500,750,306.21097770154375,29.254414247972022,55.157381780704355,10.467171726836776,dynamic
19,500,750,373.3666954270923,29.583614861198434,81.5944611636881,12.62072593828945,static
19,500,750,303.3313201035375,29.318057030881032,54.07796012788472,10.346228598437996,dynamic
20,500,750,356.47377622377616,29.49624249761811,73.66843228962918,12.08539617385375,static
20,500,750,304.3898601398602,29.40209972048645,54.82810979963271,10.352657226305881,dynamic
21,500,750,370.7058823529412,29.262921754183626,77.69953440548525,12.668108997008906,static
21,500,750,319.6018755328218,29.089680826913433,57.346581775304,10.986778350525244,dynamic
22,500,750,365.020725388601,29.282864576537264,77.75682494348116,12.465335296502099,static
22,500,750,302.09844559585486,29.055340501867825,56.214527818549136,10.397346593698824,dynamic
23,500,750,352.41927083333326,29.63714995855115,72.55729485889891,11.891132289245324,static
23,500,750,303.71527777777777,29.60587408678497,54.09887260886037,10.258615465548633,dynamic
24,500,750,368.4484848484848,29.362436961720928,77.95537338626116,12.548293771692785,static
24,500,750,304.6528138528138,29.225404134460828,54.26704476800933,10.42424640053431,dynamic
25,500,750,351.27101200686104,29.032083928694163,71.30739970068514,12.099407430400774,static
25,500,750,308.30703259005145,28.997813605288076,56.37525507365163,10.632078569324557,dynamic
26,500,750,351.21385281385284,29.828685216302066,71.98369060566192,11.774365858469224,static
26,500,750,299.20173160173164,29.77288401259712,54.4293226919952,10.049470903629533,dynamic
27,500,750,356.2757417102967,28.69722141656537,74.22071639422201,12.414990864050615,static
27,500,750,295.00087260034906,28.61261642372053,51.55057833992347,10.31016766281417,dynamic
28,500,750,354.625,28.95589258551504,73.02664629004484,12.247075407974071,static
28,500,750,305.0138888888889,28.883848005526954,53.56705777120585,10.560015716414387,dynamic
29,500,750,364.6262798634812,29.2577074935654,75.95237428374891,12.462571783646169,static
29,500,750,312.05204778157,29.282738717784728,56.99114697680502,10.656518530899797,dynamic
30,500,750,356.14531384350823,29.09404875005641,72.62637555217195,12.241174025076782,static
30,500,750,300.9922613929493,29.04948051653311,54.671486486109295,10.361364679882783,dynamic
31,500,750,356.3033419023136,29.29534940330717,74.40354123037312,12.162454080922833,static
31,500,750,304.65552699228795,29.126205758371547,55.397584673201244,10.459842573374766,dynamic
32,500,750,361.5504273504274,29.391903153171963,74.26870510479961,12.301021320948687,static
32,500,750,313.08290598290597,29.407202165823804,57.86406223612784,10.646470351632496,dynamic
33,500,750,346.13616652211624,29.87996010668035,71.27254181378093,11.584224519922627,static
33,500,750,302.8256721595837,29.842774903646394,54.57566956700047,10.147369778357387,dynamic
34,500,750,358.06063268892797,29.233764663468303,75.60163142248113,12.248187560200725,static
34,500,750,292.018453427065,29.222156458673002,54.62549930436719,9.993049412354212,dynamic
35,500,750,352.7099567099566,29.77473423590065,73.45100743508355,11.845948108738432,static
35,500,750,305.45194805194814,29.749043432509236,57.11181409608182,10.267622511793286,dynamic
36,500,750,356.3046875,29.089948484111947,73.36495900900944,12.248378084773949,static
36,500,750,301.4010416666667,29.07557097581807,55.09696383624075,10.366126323618534,dynamic
37,500,750,365.2385082393756,29.394334089477105,75.95162586821365,12.425473124432086,static
37,500,750,303.20034692107544,29.14371902442534,55.541363788499915,10.403625792129114,dynamic
38,500,750,350.04819277108436,29.675833579684237,71.55589153714597,11.795732437680323,static
38,500,750,301.6092943201377,29.673384965088445,55.60355863171153,10.164303623431886,dynamic
39,500,750,351.1582608695652,29.42527875284695,74.16900945224002,11.93389751101644,static
39,500,750,305.42,29.302776546905953,54.901727039285014,10.422903082617577,dynamic
40,500,750,360.5566037735849,28.923545537413613,73.24568494258588,12.465850817189489,static
40,500,750,310.5343053173242,28.76736603819833,56.00028630226864,10.79467285621442,dynamic
41,500,750,365.8429184549356,28.9818564374961,75.18466772737635,12.623170611721616,static
41,500,750,302.6901287553648,28.942221011471748,55.95439395958911,10.458427797762594,dynamic
42,500,750,355.5603448275862,29.5409700480585,73.68103762327848,12.036177019547615,static
42,500,750,304.17844827586214,29.4602132243458,55.1784682167354,10.32505929130514,dynamic
43,500,750,347.51733102253036,29.114253187031284,73.82745170792158,11.936329906525964,static
43,500,750,311.7287694974003,29.073645099982947,57.164768101764714,10.722039442435896,dynamic
44,500,750,363.17113223854795,29.367203036918546,72.4280845681439,12.366555023370552,static
44,500,750,318.5531547104581,29.206943039095524,55.19974264146658,10.906761254817138,dynamic
45,500,750,358.69184027777777,29.366108334651383,72.46522775935865,12.214483314921546,static
45,500,750,302.1076388888889,29.301409893690234,55.933353170639,10.310344791768696,dynamic
46,500,750,350.95376712328766,28.891924707199177,71.15557953045652,12.147123138384694,static
46,500,750,303.0119863013698,28.836754536538788,55.96518843701743,10.507839428234762,dynamic
47,500,750,356.9425587467362,29.13907240865366,72.54918510894028,12.249619814278375,static
47,500,750,304.5056570931245,29.148875118759328,56.229987993002084,10.446566320398203,dynamic
48,500,750,364.9922547332186,30.088526127532074,76.82608086913653,12.130612619115222,static
48,500,750,306.27710843373495,29.97542202023991,54.26189751885908,10.217607886452157,dynamic
49,500,750,357.6962457337884,29.23034748149786,72.91775211200563,12.237153388621257,static
49,500,750,298.6331058020478,29.26196024497385,56.1436926857125,10.205505827428023,dynamic
0,500,1000,397.5508595988539,29.84308573836258,83.17286677208519,13.321372430593252,static
0,500,1000,359.9111747851004,29.65556665975698,64.22412231246942,12.136378269699525,dynamic
1,500,1000,389.57628344179324,28.94835425035779,78.15160215449096,13.457631479584999,static
1,500,1000,365.91829356471436,28.959983601241582,68.98686800747797,12.635307346963641,dynamic
2,500,1000,383.689160086145,28.974209870221266,77.79211699176241,13.242437388447586,static
2,500,1000,338.4752333094042,28.774531937199868,60.43900186738836,11.76301439231481,dynamic
3,500,1000,398.1469329529244,28.706916683244664,82.35299557006252,13.869372923122409,static
3,500,1000,357.4793152639087,28.445281544300762,62.46868156471643,12.567262331616213,dynamic
4,500,1000,391.9323361823362,29.31194227238717,82.81978959814505,13.371080378783002,static
4,500,1000,356.18589743589746,29.117082694265427,63.148380718554534,12.232884083062615,dynamic
5,500,1000,390.27985611510803,29.34948474570179,78.62288189196603,13.297673178820085,static
5,500,1000,351.43381294964036,29.301478205917782,61.43919028592191,11.993722995130804,dynamic
6,500,1000,395.8309455587392,29.816787622680373,82.6978744186507,13.275439009990716,static
6,500,1000,357.36318051575927,29.5974658062347,63.277250072096,12.074114143937313,dynamic
7,500,1000,392.51258087706685,29.33272141719193,82.5601997259997,13.381389857915295,static
7,500,1000,343.77282530553566,29.10064183810493,61.00350306719758,11.813238595149913,dynamic
8,500,1000,398.8169319826339,29.608922838403807,82.76411030052844,13.469484660392792,static
8,500,1000,356.3813314037626,29.44105800334885,65.85637902776016,12.104909115807764,dynamic
9,500,1000,390.7923850574714,29.157989627972327,81.56625871206028,13.402583307134792,static
9,500,1000,346.66594827586215,28.98315207944799,62.24578944519652,11.960947081448865,dynamic
10,500,1000,398.1185714285714,29.40279008440041,82.4348861710926,13.540163035064907,static
10,500,1000,355.9021428571428,29.30963392173077,61.74179388083235,12.142838215160019,dynamic
11,500,1000,388.4868139700641,29.26892670476652,80.22351982241814,13.27301195184578,static
11,500,1000,347.77619387027795,29.265536778524805,61.714718880140076,11.88347223911088,dynamic
12,500,1000,392.5147375988497,29.190631254769922,81.08640991817204,13.446599841334727,static
12,500,1000,347.823867721064,29.006826569706945,61.088703093087254,11.991103779836127,dynamic
13,500,1000,392.5853658536585,28.985255138387714,81.23496589533961,13.544312926668818,static
13,500,1000,349.1657101865136,28.870686839788817,61.80056101104386,12.094125509522087,dynamic
14,500,1000,394.3105679367362,29.09332026113788,80.56205299410536,13.553302421224375,static
14,500,1000,349.9920920201294,28.97884366539693,62.08679849935847,12.077503714823795,dynamic
15,500,1000,392.1997116077866,28.85698695909041,82.51620645726825,13.591152540069242,static
15,500,1000,348.55299206921416,28.698932214228684,62.17131337571568,12.145155417887102,dynamic
16,500,1000,387.576867816092,28.886945673116976,78.76829593125358,13.417024845821002,static
16,500,1000,367.7780172413793,28.87754592557641,72.3742488958905,12.735778109027052,dynamic
17,500,1000,392.7507204610951,29.30255031276432,79.44898678367237,13.403294807756414,static
17,500,1000,357.73991354466864,29.148117404752192,64.72377229357795,12.27317389240185,dynamic
18,500,1000,395.79083094555875,29.232600123253004,80.99081726895609,13.539364588739677,static
18,500,1000,357.3581661891117,29.171772462851447,65.23517811878779,12.25013552550454,dynamic
19,500,1000,399.6909221902017,29.47694326635705,83.46503420229284,13.559442666037269,static
19,500,1000,364.53386167146965,29.40275737471292,63.86667755888671,12.397948159276304,dynamic
20,500,1000,388.3747260774288,29.4635293957215,78.29260329624117,13.181541181343533,static
20,500,1000,355.3542731921109,29.35927611666928,63.63363921399372,12.103645600115867,dynamic
21,500,1000,401.17902995720397,29.41226001750195,82.76357167039869,13.63985731523113,static
21,500,1000,363.8473609129815,29.29761794585079,62.27956200504814,12.419008316152565,dynamic
22,500,1000,394.61549497847915,29.218256150710612,82.64125381176542,13.505785319391208,static
22,500,1000,348.8809182209469,28.954348584787287,62.87663174258009,12.049344408468235,dynamic
23,500,1000,392.6808972503618,29.825407980144096,81.80650770711566,13.165985776683572,static
23,500,1000,356.57597684515196,29.541544316270727,61.616578962369786,12.070322831726813,dynamic
24,500,1000,400.1206647398843,29.31076799559866,83.20659423190544,13.65097853457702,static
24,500,1000,362.6734104046244,29.066091937139234,62.567140007055464,12.477542945538476,dynamic
25,500,1000,392.4014234875445,29.20018515075878,81.33599591309702,13.438319704536113,static
25,500,1000,351.46903914590746,29.187617771568842,62.77506685476501,12.041717206817319,dynamic
26,500,1000,397.4335260115607,29.90848120209707,82.70895017117466,13.28832190862618,static
26,500,1000,353.44725433526014,29.720894293701328,64.31944834063928,11.892214643425627,dynamic
27,500,1000,397.1966618287373,28.789511598218013,82.21307445062341,13.796575203218195,static
27,500,1000,358.5899854862118,28.48890678197416,63.73770044060649,12.587004065494824,dynamic
28,500,1000,390.5245310245311,29.007924091873328,79.90968329982324,13.46268453363534,static
28,500,1000,353.54545454545456,28.688356758464913,63.0871179314344,12.323656510620319,dynamic
29,500,1000,395.2425106990014,29.53678103435404,81.6664325042123,13.381367124579265,static
29,500,1000,356.0064194008558,29.29928066085781,63.21507690330826,12.150688050046925,dynamic
30,500,1000,394.2341184867951,29.25390495966905,81.36950610680233,13.476290397138664,static
30,500,1000,360.2940756602427,29.069252996968807,63.64051463112683,12.394335544081994,dynamic
31,500,1000,393.86327845382965,29.37249257994821,83.67380300822664,13.409256207377824,static
31,500,1000,351.3901216893343,29.23742701926043,62.82920270875968,12.018503593283114,dynamic
32,500,1000,399.66453447050463,29.564147500248215,83.74412127108641,13.518554339074015,static
32,500,1000,360.97370291400136,29.29878381039238,62.61517050189108,12.320432999883185,dynamic
33,500,1000,380.86940836940835,29.689468869834986,79.13804672289264,12.828434555000687,static
33,500,1000,360.55844155844164,29.60184626589486,64.79377881691171,12.180268700802332,dynamic
34,500,1000,388.06548933039,29.252233858956995,77.09724359858883,13.266183061488304,static
34,500,1000,360.01250919793966,29.32781965734116,68.06063294095769,12.275461094763775,dynamic
35,500,1000,387.78807471264366,29.863907857995034,80.7273469434506,12.985175167181838,static
35,500,1000,355.0933908045977,29.795922340653032,64.52179026689403,11.917516321356313,dynamic
36,500,1000,389.06546762589926,29.201590869624127,79.21964596245735,13.323433965051887,static
36,500,1000,351.44892086330935,29.043429682217933,61.85299261439528,12.100806437419019,dynamic
37,500,1000,391.25989920806336,29.276355347294864,79.68006233295543,13.364365016296873,static
37,500,1000,349.99064074874013,29.222632588474845,61.98214767507306,11.976697845038553,dynamic
38,500,1000,392.384229390681,29.61968491946232,80.71083031513156,13.247414024072066,static
38,500,1000,349.31612903225806,29.445292762707034,62.33144419866683,11.863224857274062,dynamic
39,500,1000,391.04706734250544,29.62770332594072,80.01577180695794,13.198696606365766,static
39,500,1000,361.55829109341056,29.349954790255584,64.67312263494328,12.318870460865266,dynamic
40,500,1000,402.42557803468213,29.18855535430634,85.39318715825833,13.787101593409627,static
40,500,1000,360.09248554913285,28.851315612270387,62.353333404050595,12.480972805135671,dynamic
41,500,1000,398.876251788269,29.22127447682614,82.7237836089801,13.650200373861065,static
41,500,1000,351.20314735336194,28.960974851940346,61.417727007150155,12.126772290948342,dynamic
42,500,1000,395.88226848528353,29.706653331004496,81.58102748766902,13.326383960999932,static
42,500,1000,347.07824838478103,29.49676828405052,60.7421792905548,11.766653385294855,dynamic
43,500,1000,392.328509406657,29.282208705743127,83.09886708539291,13.398187047608525,static
43,500,1000,364.5426917510854,29.174172676454273,70.135450029119,12.495390899132452,dynamic
44,500,1000,395.81889763779526,29.34350536573414,81.03157203011773,13.48914837216458,static
44,500,1000,359.85612025769507,29.09956243367761,62.31181478813027,12.366375648357694,dynamic
45,500,1000,397.41516245487367,29.433661159317946,82.11115534332257,13.502063515094257,static
45,500,1000,359.00649819494583,29.13011189193951,63.37247660083253,12.324240275035994,dynamic
46,500,1000,392.41887062187277,29.004418504812797,80.19005746404238,13.529623790139336,static
46,500,1000,354.3831308077198,28.91812028986857,63.545846774472345,12.254708371618381,dynamic
47,500,1000,386.54755043227664,29.221138345040394,77.64438964914739,13.228353593482925,static
47,500,1000,352.16138328530263,29.200414962468628,62.15369522968786,12.060149958072053,dynamic
48,500,1000,393.45845272206304,30.120512197836003,81.01864920726146,13.062807502666931,static
48,500,1000,354.5179083094557,29.91238642606263,64.47314474308439,11.851876452109638,dynamic
49,500,1000,395.348506401138,29.57795757332005,80.9905488439463,13.366322046446873,static
49,500,1000,349.9082503556188,29.30496774896804,62.76236593541213,11.940236664070056,dynamic
0,1000,500,429.45415472779365,29.68112955429956,65.79615810033329,14.4689289517145,static
0,1000,500,283.43767908309457,29.63671528103333,44.49609114268735,9.563734590536313,dynamic
1,1000,500,420.0491684743312,28.835379477716607,64.502137840779,14.567145502591233,static
1,1000,500,300.3036876355748,28.88595472955282,54.731205896639224,10.396183558660024,dynamic
2,1000,500,420.9712849964106,28.926029555981216,68.67141287309377,14.553372566452474,static
2,1000,500,295.92821249102656,28.79749401362957,51.001103504142534,10.276179321400905,dynamic
3,1000,500,483.2282453637661,28.50313641949561,74.30544780929279,16.953511299663393,static
3,1000,500,263.2261055634808,28.47618140086039,42.86008225427229,9.243729061071637,dynamic
4,1000,500,466.96153846153845,29.22401467519773,72.0945285422953,15.978692306702348,static
4,1000,500,294.0078347578348,29.10306197082301,47.01210296321434,10.102299031373038,dynamic
5,1000,500,452.5424460431655,29.333026983274607,69.89654025931782,15.427744511372811,static
5,1000,500,269.33741007194243,29.25699136684248,42.72839766904164,9.20591617555002,dynamic
6,1000,500,444.9828080229226,29.730469581108128,68.49251313357843,14.967231069423866,static
6,1000,500,285.1755014326648,29.580442499709932,45.79766247359278,9.64067733048487,dynamic
7,1000,500,452.8562185478073,29.096864557830358,70.0248578114986,15.563746315268785,static
7,1000,500,287.5017972681524,29.10014913023393,48.02767382018633,9.879736216521627,dynamic
8,1000,500,472.5021707670043,29.381151421985326,71.06226928310147,16.081812587284798,static
8,1000,500,284.3813314037626,29.35101722273561,46.70755025971526,9.688977020649151,dynamic
9,1000,500,446.05603448275866,28.941607189232244,70.04998854664773,15.41227588247809,static
9,1000,500,288.91163793103453,28.96844556837513,46.38800273445521,9.973322084165932,dynamic
10,1000,500,467.1478571428572,29.38829651029839,72.37123823529201,15.895710626818975,static
10,1000,500,285.0157142857143,29.30963392173077,45.74923816950022,9.724301403655463,dynamic
11,1000,500,424.24590163934425,29.284755860107797,66.60477937982388,14.486919531306713,static
11,1000,500,281.58446186742697,29.271039592789922,46.141291717420366,9.619899593070386,dynamic
12,1000,500,433.3860531991373,28.98453031753354,68.34905170094169,14.952322789131768,static
12,1000,500,257.196980589504,28.98100710363748,42.638085929642145,8.8746736671281,dynamic
13,1000,500,412.55308464849367,28.852461317323307,64.8414582517716,14.298713725362227,static
13,1000,500,263.41965566714487,28.905509506650557,42.89203123099293,9.113129647707387,dynamic
14,1000,500,511.42056074766367,29.196529373222408,75.78942065964198,17.516484723582007,static
14,1000,500,263.46944644140905,28.96217344294436,43.10613301823472,9.097019150183783,dynamic
15,1000,500,403.47945205479454,28.68101638981118,63.65410860403202,14.067822652133383,static
15,1000,500,275.03172314347506,28.681663398352235,45.194586495669746,9.5891134110191,dynamic
16,1000,500,430.08333333333326,28.91491143560276,67.6213476559512,14.874101699781596,static
16,1000,500,268.4080459770115,28.73915583702588,43.48224887710097,9.339454766838003,dynamic
17,1000,500,463.32492795389055,29.239857399394086,69.7593201764671,15.845663049078054,static
17,1000,500,287.600144092219,29.16165528664739,46.59096055188292,9.862270891868958,dynamic
18,1000,500,472.03295128939834,29.099858818435035,69.68537522385394,16.221142316689214,static
18,1000,500,283.59383954154725,29.103888408753985,45.60213876586514,9.74419072663317,dynamic
19,1000,500,486.69956772334297,29.37687929117352,73.26009789758285,16.567436006368965,static
19,1000,500,273.78530259366,29.40745301181889,43.49845254829396,9.310065121369922,dynamic
20,1000,500,455.8246895544193,29.3671499244427,68.78150451997888,15.521584175760612,static
20,1000,500,278.0613586559533,29.335712865759806,44.268647160774414,9.478595591944934,dynamic
21,1000,500,474.9201141226818,29.52543144176009,72.93894693184463,16.08512021439815,static
21,1000,500,294.71683309557767,29.369106739483968,52.60694551240247,10.034926690479118,dynamic
22,1000,500,429.9261119081778,28.948899733105666,66.89591358825658,14.851207329877164,static
22,1000,500,287.5329985652798,28.951827421899896,47.97593991046948,9.931428312804274,dynamic
23,1000,500,436.0672937771346,29.530937919467483,66.6859915625416,14.766455944146257,static
23,1000,500,289.2973950795948,29.520136295446747,46.442267057622956,9.800002011651166,dynamic
24,1000,500,422.6806358381504,29.04489759733141,66.09230054970051,14.552664006533988,static
24,1000,500,272.2008670520231,29.039382356467023,42.11346483394542,9.373507456552511,dynamic
25,1000,500,428.823487544484,29.26280808053247,69.19265992868768,14.654215219685815,static
25,1000,500,280.76654804270464,29.213135647954093,46.233970012654325,9.610969237476152,dynamic
26,1000,500,451.8453757225434,29.78983919634668,69.70094938439127,15.167768202587547,static
26,1000,500,289.3836705202312,29.745112120433365,46.30311797707297,9.728780626160072,dynamic
27,1000,500,438.3904208998549,28.5449590493516,66.69910446458927,15.357892794378099,static
27,1000,500,263.4092888243832,28.49387165347225,41.779814628612755,9.244419011492397,dynamic
28,1000,500,442.69119769119766,28.771917954614505,68.10977177456888,15.386224803974107,static
28,1000,500,265.82395382395384,28.631846426810828,42.273273725273576,9.284205770782444,dynamic
29,1000,500,482.0713266761769,29.36408974423026,72.48308498036583,16.417036280543954,static
29,1000,500,282.18116975748933,29.27655335815559,44.96589849201447,9.638469607587258,dynamic
30,1000,500,443.38758029978584,29.21316086432513,70.90985167362935,15.177665380306285,static
30,1000,500,270.51605995717347,29.073324920039074,42.990821842799214,9.304613789485003,dynamic
31,1000,500,417.2426628489621,29.28392626208621,65.02255633211854,14.248180353778745,static
31,1000,500,281.75161059413034,29.211477363769003,46.784247732338116,9.645236599487669,dynamic
32,1000,500,472.9559346126512,29.343131486028,70.46728781433707,16.118113870629433,static
32,1000,500,308.3489694385217,29.290809975090504,50.326267739276396,10.527157483891633,dynamic
33,1000,500,463.7402597402597,29.70795352253478,74.12172252935076,15.609969881920426,static
33,1000,500,277.7907647907648,29.57102625046537,43.970927772167215,9.394018402942413,dynamic
34,1000,500,451.6850625459897,29.351641969813137,69.65637889861212,15.388749392982097,static
34,1000,500,277.8256070640177,29.247814383904338,45.18507497409983,9.499021137692623,dynamic
35,1000,500,460.45043103448273,29.83870149247716,69.84502999628485,15.43131597568246,static
35,1000,500,279.423132183908,29.767712711550388,45.68460477091414,9.38678543734692,dynamic
36,1000,500,463.9784172661869,29.129800608644405,72.08184532046789,15.92796406332075,static
36,1000,500,265.18129496402884,29.04039198959219,42.359666049380685,9.131464033235757,dynamic
37,1000,500,450.6292296616271,29.17684321581449,69.02734589159834,15.444756183128689,static
37,1000,500,274.3678905687545,29.167035021453838,44.49058446356978,9.406780304098204,dynamic
38,1000,500,424.0057347670252,29.60252672112291,68.594342513656,14.323295398445682,static
38,1000,500,280.02795698924734,29.42607340442889,44.504943626748506,9.516320887961239,dynamic
39,1000,500,447.3034033309197,29.39479702949973,67.54853644930188,15.217094470222724,static
39,1000,500,273.44967414916727,29.330166302811705,44.62129628161818,9.323154574918087,dynamic
40,1000,500,449.31141618497116,29.03782535733268,69.87949298876075,15.47331491445554,static
40,1000,500,303.6293352601156,28.84688114452621,49.717601522309494,10.52555157484435,dynamic
41,1000,500,469.922746781116,29.03137998419342,72.53238365686553,16.186717511774244,static
41,1000,500,277.83690987124464,28.94583205740413,46.87661611876185,9.598511776073682,dynamic
42,1000,500,437.94974874371866,29.58725901461245,67.439508421564,14.801970960791795,static
42,1000,500,302.6855707106963,29.59292243773016,55.15291325949254,10.228309534065502,dynamic
43,1000,500,447.2221418234443,29.235131939791533,70.47125390188319,15.29742170291821,static
43,1000,500,290.1295224312591,29.06852287198997,45.78708154074093,9.980882885205832,dynamic
44,1000,500,471.5776664280601,29.14258014430166,72.7164992497405,16.18174039817367,static
44,1000,500,287.6270579813887,29.07676624125543,44.70150274993175,9.891989212104695,dynamic
45,1000,500,416.6707581227437,29.24232749503038,65.76512941027995,14.248891720180454,static
45,1000,500,289.2714801444044,29.126500208473505,48.271499512039064,9.931556420233738,dynamic
46,1000,500,418.964260185847,28.99204045809977,66.22996493540029,14.451009779437484,static
46,1000,500,270.4517512508935,28.94551109420053,44.64952139998762,9.343478177695076,dynamic
47,1000,500,427.1520172910663,29.231284844008325,67.35777316875921,14.612837566687448,static
47,1000,500,272.2269452449568,29.18677786790643,44.11346859101819,9.327064004015856,dynamic
48,1000,500,458.3345272206303,29.920148024605073,69.71522762765768,15.318591567251445,static
48,1000,500,272.87965616045847,29.8600443375172,43.24638281608085,9.138621934917992,dynamic
49,1000,500,456.10739687055474,29.3711123229802,70.04532009702315,15.529115542338266,static
49,1000,500,268.99644381223334,29.31817566430853,43.99426662563885,9.175074427966713,dynamic
0,1000,750,625.960542540074,30.02582374945882,84.55166917893834,20.8474061448974,static
0,1000,750,371.76078914919856,29.610734686193155,54.044383691926186,12.554932969040532,dynamic
1,1000,750,607.0470588235294,29.095614114244327,81.39081616512789,20.86386822563534,static
1,1000,750,391.7145510835914,28.79483944954241,58.53147596206258,13.603637268754284,dynamic
2,1000,750,544.8751537515375,29.07716629036929,78.71076920714665,18.738935847817007,static
2,1000,750,342.05350553505536,28.84461651599927,52.55779151967248,11.858486846075012,dynamic
3,1000,750,598.973505853358,28.742452992473268,79.9390515789608,20.83933149373889,static
3,1000,750,359.6124460874923,28.63432573606338,52.375659406513826,12.558788686076165,dynamic
4,1000,750,604.0670731707318,29.448021782547702,82.80918806564448,20.51299328801538,static
4,1000,750,386.56341463414634,29.287374066660018,56.96092624788389,13.198978295367215,dynamic
5,1000,750,574.1442663378542,29.317843778775345,78.09242375922706,19.58344108353242,static
5,1000,750,367.1448828606658,29.146604593852892,54.32284675841025,12.596488955632859,dynamic
6,1000,750,571.2920517560074,29.61827002845854,79.49508515788088,19.288501698684108,static
6,1000,750,416.10659272951324,29.463111077245536,61.18343888674425,14.122968604319382,dynamic
7,1000,750,598.299938537185,29.34925126736947,82.45669147965866,20.385526468348967,static
7,1000,750,368.0706822372464,29.04190041345471,54.70774362048793,12.673780882008822,dynamic
8,1000,750,587.907960199005,29.76021392352089,80.02919137599515,19.754829777428238,static
8,1000,750,382.6349502487562,29.506256352949386,56.800971137927505,12.967926044962628,dynamic
9,1000,750,579.6524953789277,29.19815519914059,81.0426860757606,19.85236709050677,static
9,1000,750,372.354898336414,29.070915072227038,57.22786853753362,12.808502842490293,dynamic
10,1000,750,597.2723378212976,29.466277085825528,80.27641006029314,20.26969121622119,static
10,1000,750,371.8935128518972,29.403304291833486,55.47617146382708,12.648017690827606,dynamic
11,1000,750,589.5183823529413,29.398905432124142,80.72788972359857,20.052392212833052,static
11,1000,750,364.64583333333326,29.10449979833175,53.34472259409721,12.528847286845815,dynamic
12,1000,750,568.6594827586208,29.240138093786307,78.93283105593491,19.4479068783695,static
12,1000,750,359.9809113300493,29.0342055281642,56.60443869901963,12.398510817899089,dynamic
13,1000,750,593.086876155268,29.00357283303709,79.98397226289609,20.448752281984405,static
13,1000,750,350.53912507701784,28.92321668038574,53.01115083981973,12.119645230011216,dynamic
14,1000,750,618.2133168927252,29.173141687910622,81.90418150804379,21.19118069305896,static
14,1000,750,347.63378545006174,28.877373780430325,52.896379672945315,12.038275644222429,dynamic
15,1000,750,561.75169857937,28.693093567302398,76.79646379872325,19.57794119556079,static
15,1000,750,361.0277949351452,28.62034241085967,55.326466717675075,12.614377205988884,dynamic
16,1000,750,560.4548248309774,28.87690825623073,76.91164061740342,19.408408263722233,static
16,1000,750,365.0436385986478,28.69528597245489,54.74804732076802,12.721380053471488,dynamic
17,1000,750,595.8858729179519,29.54778654045679,80.9190439789413,20.16685317873357,static
17,1000,750,382.19740900678596,29.19472397264546,57.27681470886139,13.091317779366332,dynamic
18,1000,750,603.458230958231,29.133563289600488,79.81377033151955,20.713505758275755,static
18,1000,750,366.4416461916462,29.06570722738997,54.46227675882495,12.607353515428354,dynamic
19,1000,750,643.1639950678175,29.5760594071417,85.33666276686328,21.74610167683506,static
19,1000,750,362.2934648581997,29.238694058742624,53.475801715606536,12.39089078774607,dynamic
20,1000,750,606.194375,29.46905800795373,81.00991148786416,20.570537912558567,static
20,1000,750,368.73625,28.984634134589292,55.304085527266,12.721783835110152,dynamic
21,1000,750,638.8835784313726,29.70629053469717,83.45384657971834,21.50667642885778,static
21,1000,750,381.50183823529403,29.193261987714024,55.52538962678381,13.06814697158026,dynamic
22,1000,750,627.4747536945812,29.369298538925317,84.19454638037611,21.36498945873502,static
22,1000,750,369.01046798029563,28.80228892613931,56.83502338132367,12.81184522961308,dynamic
23,1000,750,581.1379738968302,29.566627976134072,78.98421580874212,19.655199584001263,static
23,1000,750,369.2728402734618,29.382375754153017,53.975805606446855,12.567834655823136,dynamic
24,1000,750,635.6884328358209,29.39232325350607,82.9519788317063,21.627702830874142,static
24,1000,750,364.773631840796,29.002014065780944,52.46963728829253,12.577527581823606,dynamic
25,1000,750,553.1198044009781,29.36508137056144,77.81410116069745,18.83597043103997,static
25,1000,750,385.91992665036673,29.343222697342235,57.60371511260754,13.151927129167087,dynamic
26,1000,750,595.6494717215662,29.87243836611515,79.67058389965023,19.93976736754179,static
26,1000,750,366.6003729024239,29.639751377760025,55.22911306009046,12.368537381777768,dynamic
27,1000,750,612.9102803738318,29.14794721116379,82.05883664275302,21.027562453491907,static
27,1000,750,343.97320872274145,28.66361729027377,51.2185155061949,12.000341940075355,dynamic
28,1000,750,594.5794681508968,28.74042545599012,80.22173088996719,20.687914626085455,static
28,1000,750,341.76128633271486,28.39810189385065,49.83229948946997,12.034652442976133,dynamic
29,1000,750,609.2221538461539,29.48253354956553,80.79310894767788,20.663833141135573,static
29,1000,750,375.0966153846154,29.44463966995364,54.58648430181066,12.739045870117321,dynamic
30,1000,750,577.7269938650306,29.076327784075843,77.64912461125017,19.86932456379285,static
30,1000,750,358.0490797546012,28.956749657863842,53.21850081805604,12.364960984402652,dynamic
31,1000,750,608.7446020974706,29.422230292780675,81.56723913237902,20.689954365792527,static
31,1000,750,358.8877236273905,29.058097754735442,55.042879153514264,12.350695721949124,dynamic
32,1000,750,603.9664429530201,29.418863183800262,80.58372589824508,20.52990420396663,static
32,1000,750,395.83465527760836,29.152846847992915,58.944884101506126,13.577907411291475,dynamic
33,1000,750,568.4336829117829,29.85898356989239,78.6389792615404,19.0372750492736,static
33,1000,750,353.68723010487366,29.618280093618694,52.359694615359906,11.941518176846333,dynamic
34,1000,750,611.9148264984228,29.64307063557569,81.86367732419289,20.642761137034245,static
34,1000,750,366.18044164037855,29.333768984596897,56.47324042851324,12.483238748919687,dynamic
35,1000,750,582.4153846153846,29.892482024508233,81.52156825210737,19.483674327808387,static
35,1000,750,378.1606153846154,29.558762027564715,56.46621019813156,12.793520074757042,dynamic
36,1000,750,578.7452190006169,29.319056091354064,80.41812914357887,19.739558367681692,static
36,1000,750,357.2004935225171,29.09822416168756,54.20045351372592,12.275680176827708,dynamic
37,1000,750,618.7113846153846,29.419671615547102,82.13808225565701,21.030533334995514,static
37,1000,750,360.312,28.95928880869722,54.87968134561428,12.442018254667532,dynamic
38,1000,750,572.2243392747388,29.30234718399197,77.31942363435033,19.528276546642925,static
38,1000,750,375.9366933005532,29.1214209223637,55.72820305128083,12.909284004471559,dynamic
39,1000,750,601.7580445544553,29.604073567433577,82.0130201633037,20.326866273445173,static
39,1000,750,371.1732673267327,29.294054938495968,55.98714016059633,12.67060050600798,dynamic
40,1000,750,597.021052631579,28.95163050593948,78.7069808690388,20.62132744161332,static
40,1000,750,380.59442724458205,28.857090549370646,55.79493313142577,13.188939702477471,dynamic
41,1000,750,614.6127450980392,29.15297699563089,81.9292168057721,21.082332181380657,static
41,1000,750,364.60416666666674,29.053137119960628,55.03784592865034,12.549562725746734,dynamic
42,1000,750,587.9654959950709,29.45615562517068,79.73364169967888,19.960700353329425,static
42,1000,750,361.524337646334,29.231708621387426,53.39684063085457,12.367540410615073,dynamic
43,1000,750,568.0012376237623,29.143082592822427,79.32756817586007,19.490087770044404,static
43,1000,750,382.756188118812,29.08148610163225,55.84561209737567,13.161507179556725,dynamic
44,1000,750,596.4659300184162,29.504206125682398,80.2813554910178,20.216301617389163,static
44,1000,750,381.2473910374463,29.03992413780989,54.31225348965904,13.128387981601625,dynamic
45,1000,750,577.2413580246914,29.318443971981416,78.08900653708824,19.68867647192805,static
45,1000,750,359.70555555555563,29.138486981397325,55.79899262620079,12.344688857221715,dynamic
46,1000,750,561.4071122011036,29.099355880372357,76.51305668326852,19.292767664997534,static
46,1000,750,359.1618638871858,29.05899188774615,54.00726678387787,12.359749618108408,dynamic
47,1000,750,578.6041923551171,29.44928559410911,78.98795142035273,19.64747805192457,static
47,1000,750,367.99938347718864,29.247814132313053,54.99759511001106,12.582115771538026,dynamic
48,1000,750,626.0320197044335,30.39816886293225,83.53073411865954,20.594399041839047,static
48,1000,750,361.3830049261084,29.920136987284327,53.49965449775698,12.078253688467116,dynamic
49,1000,750,584.1972087378641,29.51941771648138,79.12372801481901,19.79026870884697,static
49,1000,750,360.94842233009706,29.29245752466381,55.41084303500831,12.322230800409422,dynamic
0,1000,1000,706.8976293103449,30.016260184799,88.26963317479272,23.550489799803103,static
0,1000,1000,498.0377155172413,29.537874853599053,66.35227199776392,16.86098671572366,dynamic
1,1000,1000,683.0075963103635,29.355262658963607,84.82787039466203,23.26695571575161,static
1,1000,1000,574.1540965816604,28.905838245760563,75.36767909465979,19.86291114272972,dynamic
2,1000,1000,663.8228325255789,29.242844006114,84.02717918559976,22.700351319686586,static
2,1000,1000,441.61389337641367,28.893525307316278,60.272058592575064,15.284181790879984,dynamic
3,1000,1000,698.2097035040431,29.085530382669397,86.6718351782243,24.005396990115447,static
3,1000,1000,483.0970350404312,28.573975579083854,62.59020509478466,16.906889057260138,dynamic
4,1000,1000,692.4353379457158,29.90389423817923,87.67708308541164,23.155356704735198,static
4,1000,1000,504.11761575306014,29.337135418792638,64.92675613000175,17.183600530750354,dynamic
5,1000,1000,675.1109316101239,29.502699621477213,85.35824473095789,22.883022241078592,static
5,1000,1000,457.0010770059236,29.105020093321578,61.93463687472607,15.701795619470706,dynamic
6,1000,1000,687.2166666666667,30.116354052382675,86.94295348097864,22.81872053540615,static
6,1000,1000,491.3376344086021,29.63090936092825,66.89397622423965,16.58192897233478,dynamic
7,1000,1000,692.4938138784293,29.617605648005,87.52861150099842,23.38115451020852,static
7,1000,1000,463.85099515868745,29.074019390291863,62.41869554664463,15.954140668750204,dynamic
8,1000,1000,705.5934782608696,30.19563548541135,87.78652924698368,23.36739952374138,static
8,1000,1000,537.5505434782609,29.666045097317237,71.3956626256237,18.120060888293885,dynamic
9,1000,1000,696.3560606060606,29.62415697194217,87.2806977857398,23.506358721552754,static
9,1000,1000,460.6385281385282,29.069490458513087,61.537345982477646,15.846116353361426,dynamic
10,1000,1000,712.7966648735878,29.95691656137641,87.64403300602685,23.79405982632405,static
10,1000,1000,480.7132867132866,29.479150118470287,60.861524093335504,16.306890964678587,dynamic
11,1000,1000,676.3659188034187,29.485282561342746,86.61280572400138,22.939102496178265,static
11,1000,1000,469.13888888888886,29.16834590141423,64.96376499633918,16.083835897809433,dynamic
12,1000,1000,694.7905844155844,29.444302188108765,85.9078744365621,23.59677536172616,static
12,1000,1000,486.2429653679654,29.104676891761986,68.65767623489407,16.706695187727558,dynamic
13,1000,1000,699.5453074433658,29.27654572625791,86.44786335400923,23.89439362089596,static
13,1000,1000,465.8969795037757,28.989162660401,63.87263310267753,16.071418997561725,dynamic
14,1000,1000,697.142703284868,29.64179914649721,86.68795448686615,23.5189065224892,static
14,1000,1000,451.7819063004848,29.173639015581607,59.550424344114724,15.485963408925034,dynamic
15,1000,1000,689.5884261763115,29.202754122358407,86.96482525862845,23.61381475483314,static
15,1000,1000,463.9843158464034,28.69837313353626,61.02628709919709,16.167617365884823,dynamic
16,1000,1000,675.2665233745297,29.202412238536954,85.11435690751598,23.123655602786627,static
16,1000,1000,596.7855991402473,29.137481786798066,78.83108756899107,20.48171504685918,dynamic
17,1000,1000,687.8204851752022,29.84493534582885,85.68338101884198,23.046472616042447,static
17,1000,1000,488.5051212938005,29.342975963827712,64.75046487288283,16.648111012870707,dynamic
18,1000,1000,695.5948414830738,29.212310320525408,86.26349228502508,23.81170245868327,static
18,1000,1000,550.8387963460505,29.1053599087339,72.95264084135039,18.92568235106261,dynamic
19,1000,1000,703.5681206246634,29.592356897302945,87.53189210657824,23.77533236255293,static
19,1000,1000,529.8766828217555,29.349452352842125,68.9439163479287,18.05405690203428,dynamic
20,1000,1000,674.6216657593902,29.6561757861737,85.06614972054966,22.748100450426666,static
20,1000,1000,483.0669569951007,29.15714664280974,62.39686787881706,16.56770338033838,dynamic
21,1000,1000,711.935414424112,29.672100408472904,87.95036871662573,23.99342832571495,static
21,1000,1000,504.6130247578041,29.181057406480257,62.347585346534366,17.292485934582494,dynamic
22,1000,1000,700.4461206896551,29.42754835698424,87.58239973342873,23.802394687881414,static
22,1000,1000,465.11691810344826,28.76146088182557,63.358116217305906,16.171533150367782,dynamic
23,1000,1000,698.3889190657253,29.916131106932358,87.39959444501312,23.34489431702918,static
23,1000,1000,480.2574687669745,29.32305544279973,62.45384266899122,16.37815232808222,dynamic
24,1000,1000,708.9739696312364,29.57022352481505,87.45366705566134,23.975942185092787,static
24,1000,1000,496.6209327548807,29.130741413055194,62.090866318739344,17.048001824365368,dynamic
25,1000,1000,691.6332976445398,29.517298315034395,86.55905266315928,23.43145670931075,static
25,1000,1000,484.28426124197,29.29434814295137,67.37864795604939,16.531661973795973,dynamic
26,1000,1000,703.0243902439024,30.14038600157255,87.59209585557274,23.3249962428226,static
26,1000,1000,505.4731707317074,29.602823447216505,65.43340720164032,17.075167564100582,dynamic
27,1000,1000,706.2264048008728,29.19595961368608,87.38649602145986,24.189182823427995,static
27,1000,1000,490.38188761593017,28.66040793994218,61.80572853705346,17.110080520958537,dynamic
28,1000,1000,685.2367853290183,29.00147329272353,86.06293098342339,23.627654306132932,static
28,1000,1000,489.3446601941748,28.523428220224663,63.54005562897989,17.155885204822713,dynamic
29,1000,1000,692.6448497854077,29.728887797504953,86.60126770677202,23.29871384705953,static
29,1000,1000,498.80150214592277,29.445411630160628,66.29990327148649,16.939871936957594,dynamic
30,1000,1000,704.2732651963423,29.45612539815011,86.28989821186994,23.909229597473523,static
30,1000,1000,512.0892953200646,28.939887522518525,65.53484437508948,17.69493039396234,dynamic
31,1000,1000,696.4195464362851,29.495207686744088,88.45331204183626,23.61127793479732,static
31,1000,1000,469.04049676025915,29.08897571296884,62.31372760078514,16.124338697534313,dynamic
32,1000,1000,710.0315002669514,29.85669107203769,87.2513706766936,23.781319187508092,static
32,1000,1000,491.4799786438868,29.24780266333157,63.117780482518995,16.803996672887262,dynamic
33,1000,1000,664.3087284482757,30.193395601778512,86.87048869792135,22.001789305511085,static
33,1000,1000,498.6928879310345,29.512042225903173,62.08252065301055,16.89794573055077,dynamic
34,1000,1000,670.0714678394722,29.763626803805014,83.21909312602243,22.513098697831047,static
34,1000,1000,553.8889499725124,29.558009214484176,72.74214474070479,18.73904788219271,dynamic
35,1000,1000,675.6318918918919,29.863099842325358,86.22466365476282,22.62430542908041,static
35,1000,1000,519.3886486486487,29.58395158921112,69.16361756887822,17.556432482740504,dynamic
36,1000,1000,684.8311758360303,29.57406410868005,85.5095661040324,23.156478369674964,static
36,1000,1000,463.2233009708737,29.04439271465701,62.082097713600724,15.948803113969465,dynamic
37,1000,1000,683.5147770016121,29.49750194836465,85.92121504202039,23.17195463528077,static
37,1000,1000,463.30951101558304,29.052340074794866,62.42302738335302,15.947407672593632,dynamic
38,1000,1000,688.1996779388082,29.594305058575912,86.3087056662892,23.254463200830607,static
38,1000,1000,457.9436392914654,29.037844848143905,61.04267508746288,15.77057945196429,dynamic
39,1000,1000,689.9448648648648,29.874427080349587,86.2633389752059,23.09483167691232,static
39,1000,1000,522.1313513513513,29.415318773828602,68.95331367769249,17.750321027148004,dynamic
40,1000,1000,711.6932249322493,29.586703286006927,89.7326981298474,24.054495631111607,static
40,1000,1000,480.4151761517615,28.88197602832795,60.87352402847458,16.633736406420454,dynamic
41,1000,1000,705.0139484978541,29.547841155153602,87.67374226249805,23.860083205262818,static
41,1000,1000,467.32349785407723,29.087391438721447,61.70707596667214,16.066187950837392,dynamic
42,1000,1000,695.628694250403,29.830077830427708,86.82294554608913,23.31970765228234,static
42,1000,1000,458.61257388500803,29.274977018816557,61.18219898532797,15.665685188761508,dynamic
43,1000,1000,692.1044372294373,29.824476648871013,87.82467851214655,23.2059206060079,static
43,1000,1000,577.3068181818181,29.589112922682947,76.2481527457588,19.510784919113128,dynamic
44,1000,1000,707.1788222582387,29.708563233900513,87.18978249133251,23.80387151982077,static
44,1000,1000,507.27336574824415,29.085770713696828,65.23386096405518,17.440602511157227,dynamic
45,1000,1000,700.2584814216478,29.756072888452692,87.12866801097442,23.533296347495977,static
45,1000,1000,467.9278406031234,29.108538526412183,61.598651573408155,16.075277712020487,dynamic
46,1000,1000,695.3756045137022,29.491122423374424,86.76380820899277,23.57915017715817,static
46,1000,1000,483.66792047286407,29.172089754901762,63.11510556082828,16.579817371211597,dynamic
47,1000,1000,670.5303926842388,29.466289376919498,83.78491864516651,22.755847677565235,static
47,1000,1000,469.7638515330823,29.20714827546504,60.689537250972606,16.08386574076112,dynamic
48,1000,1000,699.3950484391818,30.391760897726353,86.26142027929428,23.012653027666605,static
48,1000,1000,526.3460710441335,29.86591082110637,71.0432905226616,17.623640350260548,dynamic
49,1000,1000,696.8290734824283,29.816019580994983,86.52564657601683,23.370962431437146,static
49,1000,1000,474.3674121405751,29.31684056508131,62.83423326912806,16.180713985448502,dynamic
0,1500,500,542.1271551724138,29.70247957344999,72.07760419927149,18.25191576453443,static
0,1500,500,286.47090517241384,29.513009413397327,42.57236947191495,9.706597560409117,dynamic
1,1500,500,520.9283776451438,28.86992575562169,69.03840436502625,18.04398050949979,static
1,1500,500,357.2186652197504,28.96794455696171,61.30673718180829,12.331515773144558,dynamic
2,1500,500,539.232633279483,29.0480384581421,73.29669896740795,18.563478358668217,static
2,1500,500,314.70382337102853,28.87244986129631,49.6624733279723,10.899796341594513,dynamic
3,1500,500,652.256064690027,28.72799332562064,79.27301141390309,22.704546652352573,static
3,1500,500,268.8463611859838,28.578135228413128,41.83075891482743,9.407414410954626,dynamic
4,1500,500,611.234167110165,29.55239637366882,76.25617108343074,20.683066083086725,static
4,1500,500,298.0218201170836,29.347595433864413,45.71030139992734,10.154897384648896,dynamic
5,1500,500,585.3602584814216,29.279116644034108,74.4141063714713,19.992415263002624,static
5,1500,500,267.5670436187399,29.112991915451023,40.749664553603566,9.190640535874813,dynamic
6,1500,500,559.0715053763441,29.79271959502726,72.02568840732471,18.765373318576106,static
6,1500,500,292.17849462365587,29.56914285301836,44.49027377987012,9.881195950657423,dynamic
7,1500,500,584.757934373319,29.168643751224238,73.83925170662883,20.04748453032809,static
7,1500,500,301.1065088757396,29.063730181308674,47.43785967005379,10.360215533152235,dynamic
8,1500,500,630.4184782608696,29.88999703903531,77.60723746306817,21.091286072647144,static
8,1500,500,291.7168478260869,29.62622632277308,45.10165052492816,9.846574607507474,dynamic
9,1500,500,599.9188311688313,29.324970875664963,76.89292412801143,20.45761046830801,static
9,1500,500,297.0941558441558,29.069402917136262,45.48423746361844,10.220167118362808,dynamic
10,1500,500,619.9537385691232,29.6071788923502,77.43465964885142,20.939304647134236,static
10,1500,500,295.3270575578268,29.49178787663849,44.80095129246299,10.013874329801688,dynamic
11,1500,500,544.3247863247864,29.236607232579107,71.63330013552279,18.617919035360266,static
11,1500,500,284.0619658119658,29.113941401322236,43.552806907783136,9.75690518491821,dynamic
12,1500,500,556.2981601731602,29.0606332136277,72.98996069740124,19.142671671458608,static
12,1500,500,266.7299783549784,28.952104974051146,41.702933727763366,9.212800885947326,dynamic
13,1500,500,506.97357065803664,29.028957154114213,70.10426017906845,17.464408658103807,static
13,1500,500,268.012405609493,28.97959473673632,41.16617689744732,9.24831447935136,dynamic
14,1500,500,689.7318255250403,29.69786132839469,80.14905040938329,23.224966198679585,static
14,1500,500,267.5611200861605,29.173639015581607,41.629398687524045,9.17133169239725,dynamic
15,1500,500,475.24499729583573,28.730999353628807,65.82527116308215,16.541192718234168,static
15,1500,500,285.6414277988102,28.69837313353626,44.77511982913957,9.953227190603922,dynamic
16,1500,500,553.7377753895755,29.05545304218309,72.96682842108952,19.057963907348192,static
16,1500,500,273.3417517463729,28.73300089433971,42.18128708390764,9.513164070524224,dynamic
17,1500,500,624.7574123989217,29.65687532146453,76.40346899266495,21.066191418579628,static
17,1500,500,297.62695417789763,29.357020196074657,45.7690140868161,10.138186784287235,dynamic
18,1500,500,610.5910800644815,28.944270417824487,75.906026752026,21.09540407307923,static
18,1500,500,282.55883933369154,28.80880421416263,43.1375573783829,9.808072463999855,dynamic
19,1500,500,664.0931610123856,29.44928869281826,79.17160293026996,22.55039732672174,static
19,1500,500,278.0592353257943,29.224056387894873,42.278639651508534,9.514737845940218,dynamic
20,1500,500,586.4632553075668,29.227339612533683,73.77081305277869,20.065570903212524,static
20,1500,500,285.2068590092543,29.171214020059185,43.614427534403305,9.776996556027312,dynamic
21,1500,500,651.4547900968784,29.6443818309548,78.63255406770699,21.975657775957607,static
21,1500,500,354.45963401507004,29.37566201241885,59.80600883971574,12.066439008769185,dynamic
22,1500,500,551.0959051724138,28.837559925940827,71.42662197064878,19.11035145094489,static
22,1500,500,298.0975215517241,28.77967913704066,46.65926636281278,10.35791678330632,dynamic
23,1500,500,551.2428028245519,29.376495381663972,70.97923122323934,18.764757186407707,static
23,1500,500,301.7387289516567,29.3305338524433,45.13762202625897,10.287529387281207,dynamic
24,1500,500,524.3172451193059,29.128466538518076,69.112086096976,18.00016641541957,static
24,1500,500,267.89099783080263,29.12021570993549,39.96334169208078,9.19948535063225,dynamic
25,1500,500,567.7558886509636,29.492534565881318,74.88576248796366,19.250834050315113,static
25,1500,500,295.669164882227,29.312849105275717,45.581867833617785,10.086674407538656,dynamic
26,1500,500,580.7349593495935,29.683278026812893,74.18012651454791,19.564380956342355,static
26,1500,500,296.09972899729,29.61162700313837,45.20069378646536,9.999441400700746,dynamic
27,1500,500,539.2820512820513,28.670218030830874,69.63412909377051,18.809834327110018,static
27,1500,500,258.1156573922531,28.645623628481392,39.40989224464278,9.01064891237408,dynamic
28,1500,500,590.0970873786407,28.846243518092088,75.29464873065555,20.45663543707303,static
28,1500,500,255.3230852211435,28.52342822022465,39.34962121962114,8.951346354647006,dynamic
29,1500,500,639.7473175965665,29.47113131305552,76.72385517594905,21.70759278973328,static
29,1500,500,285.13143776824035,29.39396134422684,43.04379058596427,9.700340638987807,dynamic
30,1500,500,594.6153846153846,29.041836552534992,74.9463283093353,20.474441536772648,static
30,1500,500,272.7638515330823,28.91351548593375,40.95426239889067,9.433783714947436,dynamic
31,1500,500,516.110151187905,29.05606941858952,68.40914237958414,17.762559131886828,static
31,1500,500,289.24946004319656,29.0822744934662,45.13839330970618,9.94590227487816,dynamic
32,1500,500,618.3053924185797,29.459397983804568,75.02462643002703,20.98839198134652,static
32,1500,500,315.1361452215697,29.2463937879076,47.86210188267199,10.775213775308867,dynamic
33,1500,500,633.3997844827586,30.03371140635677,79.74103613584376,21.08962744939664,static
33,1500,500,279.32866379310343,29.512042225903173,42.30982283072189,9.464904585557026,dynamic
34,1500,500,608.7328202308961,29.79545333336707,75.80750792998067,20.430392967009965,static
34,1500,500,289.2979659153381,29.45206406899227,44.46250677500677,9.822672028610617,dynamic
35,1500,500,603.9535135135135,29.770841524345048,75.71002283732675,20.286746446842344,static
35,1500,500,288.89891891891887,29.512453221318488,44.82819028920697,9.789051311743584,dynamic
36,1500,500,621.185544768069,29.386231960491234,77.17067456558544,21.13865927428979,static
36,1500,500,268.45631067961165,29.05141512486157,41.06848929131859,9.240730942909302,dynamic
37,1500,500,556.3605588393336,29.007686959269385,71.61447471760047,19.179762923549788,static
37,1500,500,275.59161740999457,29.05711489911178,42.76178299874963,9.484479734717876,dynamic
38,1500,500,574.4240472356414,29.487473334267996,75.79377229667259,19.48027356308252,static
38,1500,500,277.84648416532474,29.037118901840593,42.07706900660098,9.568665717304091,dynamic
39,1500,500,594.5648648648647,29.6862198712687,73.83872370124985,20.02831170297652,static
39,1500,500,273.8681081081081,29.29427198496475,41.925252270750335,9.348862065890241,dynamic
40,1500,500,608.7056910569106,29.277933188222324,76.6798122136218,20.790596356090315,static
40,1500,500,308.3983739837398,28.864323350020793,47.26235819899107,10.68441377419359,dynamic
41,1500,500,637.5134120171674,29.26986009068798,78.21010474313897,21.780541828417835,static
41,1500,500,285.13143776824035,29.10558181141968,45.16258398927539,9.79645209003752,dynamic
42,1500,500,562.9113379903279,29.51482237121248,72.15288666406587,19.072157403168653,static
42,1500,500,380.4857603439011,29.459262076187787,62.55814759100132,12.915658218453865,dynamic
43,1500,500,586.6087662337662,29.56233682153654,74.44595374254246,19.843112192890448,static
43,1500,500,293.73971861471864,29.358822202463017,44.24926891193685,10.005160172606507,dynamic
44,1500,500,632.6607239330093,29.24848435084547,77.96496798179898,21.630547290725552,static
44,1500,500,286.35764451647765,29.068660351844827,42.69727270252016,9.851078138807457,dynamic
45,1500,500,513.9122240172321,29.29015302116735,71.52990924848233,17.54556296260518,static
45,1500,500,301.82175551965537,29.10547056218036,47.46814737455289,10.369932170478027,dynamic
46,1500,500,527.8033315421816,29.400673327300712,70.83282026574626,17.952083126343812,static
46,1500,500,282.6813541106932,29.16367411320784,43.69676002096053,9.692926652978562,dynamic
47,1500,500,533.0199031737493,29.164391119200097,70.40449113726399,18.276394010600164,static
47,1500,500,271.8655190962883,29.210142380592245,41.97972141460146,9.307230192651193,dynamic
48,1500,500,597.8094725511302,29.859604535132252,74.90651179664002,20.02067615623505,static
48,1500,500,278.3702906350915,29.72128031478313,41.80857737038225,9.366026217135481,dynamic
49,1500,500,601.1506922257721,29.544154660305036,74.8382008827357,20.34753402619662,static
49,1500,500,273.8919062832801,29.31331693556303,43.02423339222935,9.343599937371582,dynamic
0,1500,750,874.1097794822628,30.28004226418715,88.27738079217139,28.867521777408186,static
0,1500,750,380.33317353787146,29.44889233047107,52.4529817860231,12.915024757801733,dynamic
1,1500,750,844.2734713529129,29.561780671122733,85.40643133551931,28.55962841837998,static
1,1500,750,411.31680308136737,28.943375717285427,57.53916163752221,14.211086056410576,dynamic
2,1500,750,749.1436093824797,29.262773826799478,83.23084531794859,25.600567253689324,static
2,1500,750,351.47917663954047,28.92539596885802,50.86385533272914,12.151231292320213,dynamic
3,1500,750,810.5200573065903,29.14231877947184,84.25350011867246,27.812476537643576,static
3,1500,750,367.5487106017192,28.77658726931768,52.24307988762799,12.772491302108257,dynamic
4,1500,750,831.4045368620037,29.669501361601434,85.82471184934998,28.02219446593113,static
4,1500,750,403.90973534971647,29.184895941126946,57.47899394384993,13.839683929814274,dynamic
5,1500,750,781.8475228475229,29.726083786052154,82.91039390713287,26.301733133591426,static
5,1500,750,376.888407888408,29.30009902951117,52.23503225772392,12.86304211834931,dynamic
6,1500,750,775.4765774378584,30.0093584989148,83.44380240980395,25.84115809959421,static
6,1500,750,443.717017208413,29.63775747810049,60.40052610167428,14.971342468682995,dynamic
7,1500,750,838.1747247486836,29.687000962959928,86.33036939198006,28.23372848589397,static
7,1500,750,386.2939205361417,29.120528373883552,54.66453194037938,13.265347234653387,dynamic
8,1500,750,811.4884281581485,29.937289744352693,84.58195754642556,27.106275654469556,static
8,1500,750,396.0959498553521,29.444671397955524,56.14375054086786,13.452211590408671,dynamic
9,1500,750,808.6545893719807,29.619564418168746,85.35071513469988,27.301366689779854,static
9,1500,750,389.50869565217386,29.20298434770345,55.3878347146624,13.337975701884224,dynamic
10,1500,750,822.6510067114093,29.645323260485892,84.12031669570815,27.749773530313192,static
10,1500,750,390.3868648130393,29.37392633776277,54.36322165025742,13.290251372053135,dynamic
11,1500,750,821.0066445182724,29.737089027905608,84.95925699583226,27.60884374888985,static
11,1500,750,370.8818224964405,29.06021541160036,52.140142664668204,12.762528331031936,dynamic
12,1500,750,784.1954851104707,29.311864175886733,83.11509218397633,26.75351797500432,static
12,1500,750,405.2848222862632,29.01494666749813,61.835737489391384,13.968139487923095,dynamic
13,1500,750,812.2119617224879,29.220304741943174,84.11666842088776,27.796149591712823,static
13,1500,750,361.16028708133973,29.03929937652505,51.79006739045428,12.436949059910738,dynamic
14,1500,750,848.5353390639923,29.645764950563112,85.72017798452106,28.62248083255733,static
14,1500,750,354.82330468003823,29.19618274837468,50.85030227850913,12.153071781268766,dynamic
15,1500,750,762.0981240981241,29.10270952900549,81.92577853723405,26.18650072216031,static
15,1500,750,376.06349206349205,28.80355596150321,54.45815338199803,13.056148086927593,dynamic
16,1500,750,768.726924916308,29.21367480538477,82.19980748182331,26.31394133183866,static
16,1500,750,384.1004304160689,28.658274916785487,54.607547916128645,13.40277569153671,dynamic
17,1500,750,828.3397129186603,30.022064089441447,85.21379388552438,27.59103139780392,static
17,1500,750,407.5153110047847,29.231776246653627,57.41197697449993,13.940833001943762,dynamic
18,1500,750,825.1669057867049,29.287839135124564,84.00693030753219,28.174386713190174,static
18,1500,750,374.35724533715927,28.911711851814342,52.86686673365586,12.948290549377026,dynamic
19,1500,750,891.0210325047801,30.03159367249998,88.44469900074587,29.66945551479976,static
19,1500,750,376.8857552581262,29.266183553250688,53.009114897233545,12.877857974626973,dynamic
20,1500,750,841.6517341040463,29.768672519090032,84.85310996664347,28.273069064947805,static
20,1500,750,394.10019267822736,29.04329908548044,56.38388144702405,13.569401723898821,dynamic
21,1500,750,890.8321377331421,30.017039279261603,86.99591399403877,29.677548456573025,static
21,1500,750,388.6747967479676,29.21325508824665,54.181071507905465,13.30474113801658,dynamic
22,1500,750,877.1372549019608,29.81082961441021,87.46644679735786,29.42344330055018,static
22,1500,750,391.91009086561456,28.828932143964852,56.41065995455106,13.594332558296244,dynamic
23,1500,750,799.7935359382537,29.871782786134617,83.38636132809317,26.774215039803,static
23,1500,750,387.2725518572119,29.30958292216116,54.18714204756977,13.213171708574286,dynamic
24,1500,750,883.6695610226724,29.75440864368092,86.42271418294908,29.6987774687413,static
24,1500,750,368.1760733236856,29.113113493134183,50.88058199609728,12.646399822901573,dynamic
25,1500,750,749.3173996175908,29.472067831469264,82.62933170215844,25.424663240544504,static
25,1500,750,413.2695984703633,29.438476206256038,58.33287541473752,14.038416784036475,dynamic
26,1500,750,825.5115495668912,30.249448317270666,84.15443861279924,27.29013570457656,static
26,1500,750,383.4350336862368,29.657205353739172,54.453239226746646,12.928899709624641,dynamic
27,1500,750,861.597188560349,29.48299422319873,85.75125692268075,29.223530759382648,static
27,1500,750,345.932622394571,28.801271443553404,48.83288878931055,12.01101913408761,dynamic
28,1500,750,822.8626980316852,29.19765595296006,84.40891557882301,28.1824917506182,static
28,1500,750,334.50600096015364,28.732240887694346,47.40811867477925,11.642182810162167,dynamic
29,1500,750,834.4399428026692,29.660379932554203,84.96687534565993,28.13315084635233,static
29,1500,750,385.44089609151575,29.285734748439502,54.18704470240985,13.161387255686115,dynamic
30,1500,750,787.8234449760765,29.331967435784033,82.73412912528622,26.85886811721187,static
30,1500,750,361.0138755980861,28.82301986488705,50.53216454993282,12.525192616540592,dynamic
31,1500,750,841.6195495927167,29.622804269973532,85.58602655408562,28.411204487004124,static
31,1500,750,374.6185912793483,29.10547777403764,54.47225829299187,12.871068263772385,dynamic
32,1500,750,825.6377502383223,29.73706085793169,83.86382960782625,27.764605055717936,static
32,1500,750,414.34556720686373,29.2931452024891,56.79823358999188,14.144796140622544,dynamic
33,1500,750,787.375418460067,30.075614859190203,83.45540777178223,26.17986106506709,static
33,1500,750,364.02008608321376,29.502180134686252,51.99735387152497,12.338752065825426,dynamic
34,1500,750,846.457254518808,30.054728857001386,85.78061786789814,28.16386261696791,static
34,1500,750,386.50122129946266,29.379951656027693,55.9480231104147,13.155270839942533,dynamic
35,1500,750,818.9980713596913,30.190505992569125,85.91408103476627,27.127669591270628,static
35,1500,750,397.4686595949855,29.56147691531309,56.06162987373664,13.445493969521305,dynamic
36,1500,750,805.5703312530005,29.68289415408956,84.96685458344929,27.139211125139326,static
36,1500,750,389.3230916946711,29.134566541964737,59.10605646896524,13.362927199685615,dynamic
37,1500,750,865.1754302103253,29.947035017116328,85.85617509000794,28.89018661499649,static
37,1500,750,375.8685468451243,29.19831655271335,53.82799249004414,12.872952663779357,dynamic
38,1500,750,780.6067683508103,29.506685442121626,82.36281363881781,26.455250959379946,static
38,1500,750,385.3360343183985,28.92671110431294,53.20114383507008,13.321114624086844,dynamic
39,1500,750,841.9880095923262,29.81072216295792,85.9020276343477,28.244468717989,static
39,1500,750,384.5424460431655,29.11252274278295,54.61082072767853,13.208832825677884,dynamic
40,1500,750,816.258064516129,29.29028713742501,83.55203841592139,27.867875131656646,static
40,1500,750,391.48964853153603,28.87733495647358,54.045358098388604,13.556986789869043,dynamic
41,1500,750,856.125656951744,29.595644640688054,86.11612516147902,28.92742048182129,static
41,1500,750,379.3736263736264,29.12705351578191,54.42389081445208,13.024785571533025,dynamic
42,1500,750,802.7053186391951,29.880796319903286,84.02898369801332,26.863585228634683,static
42,1500,750,372.37949209391473,29.30413774842027,53.00905735113259,12.707403141864807,dynamic
43,1500,750,769.4579932789245,29.652959296323576,83.68813037057673,25.94877582333994,static
43,1500,750,401.31733077292364,29.29448955065902,55.901731843175405,13.699413675699134,dynamic
44,1500,750,832.3514162265963,29.905592615876174,84.63144523270896,27.83263408011252,static
44,1500,750,388.4579932789246,29.08560578313643,53.028600684893405,13.355678275201994,dynamic
45,1500,750,773.5446685878962,29.25534108308177,81.2569918897638,26.44114339296606,static
45,1500,750,376.9519692603266,28.947902671600104,55.07559345065384,13.021736791665484,dynamic
46,1500,750,749.1564593301434,29.266539783699073,81.73234237175524,25.597712092613353,static
46,1500,750,370.88899521531096,28.989003885059155,53.657926065278794,12.794126927778509,dynamic
47,1500,750,799.6815134099617,29.731588914547352,84.04648510655106,26.896696160718346,static
47,1500,750,374.3146551724138,29.27806095778698,52.52648925083459,12.784817126793321,dynamic
48,1500,750,872.5779158699809,30.58131774678987,87.13155544897019,28.53303847449725,static
48,1500,750,368.5205544933078,29.688284486846207,52.76221214670202,12.41299592964308,dynamic
49,1500,750,809.7729422894986,29.761430728733487,83.7863979450119,27.20880422955253,static
49,1500,750,377.90681173131514,29.2150895465624,54.680499445544136,12.935329571008678,dynamic
0,1500,1000,989.6135286514432,30.377569227334337,90.54015530190806,32.57711376593521,static
0,1500,1000,597.5549332184403,29.629139341577925,71.2959442139232,20.167812717391502,dynamic
1,1500,1000,953.6724436741767,29.893682285795393,87.84469658740602,31.90214020998458,static
1,1500,1000,732.0376949740034,29.04459367006661,76.17693940600023,25.203922743406878,dynamic
2,1500,1000,926.0155440414508,29.59968965355696,87.40577554820631,31.28463692963661,static
2,1500,1000,470.58333333333326,28.978173731767694,61.598943207459364,16.239233627668206,dynamic
3,1500,1000,965.5896995708156,29.60234341776245,89.1868176925785,32.61869122805418,static
3,1500,1000,513.6669527896996,28.77319202261437,62.5113696313597,17.85227556212677,dynamic
4,1500,1000,975.0772513871106,30.344016240791532,89.89225469710415,32.13408678829772,static
4,1500,1000,561.4310712761417,29.47354180221056,65.48144238038499,19.048646241560064,dynamic
5,1500,1000,944.4997838305233,30.00163703353418,88.42408122307016,31.48160824607048,static
5,1500,1000,482.18504107220076,29.280175909249483,61.467701183459866,16.467969405876428,dynamic
6,1500,1000,958.1832686502803,30.492379356529785,89.48295863240557,31.4236963093892,static
6,1500,1000,587.8434670116428,29.654667477442562,70.79280751598895,19.82296606289038,dynamic
7,1500,1000,973.8095854922279,29.78312255961803,90.04966520127597,32.696692012159424,static
7,1500,1000,514.8730569948186,28.887154600740825,63.37706053909398,17.823598901001297,dynamic
8,1500,1000,987.3340563991324,30.339145906946484,90.12029211841585,32.54323834386753,static
8,1500,1000,682.9596529284165,29.532149272247647,74.56000467510515,23.125971856380144,dynamic
9,1500,1000,976.6731686172516,30.10823277527145,89.50482877018446,32.43874112131266,static
9,1500,1000,498.02340702210665,29.289090812872328,61.631384523456184,17.003716851573593,dynamic
10,1500,1000,999.9508408796896,30.24179184883069,89.8308162400856,33.06519818263855,static
10,1500,1000,515.5364381198791,29.349093597985128,62.86329674688111,17.56566813209086,dynamic
11,1500,1000,947.3472874839813,29.724648714705097,89.3111947074567,31.87076478435617,static
11,1500,1000,561.8688594617685,29.183071215637298,71.01980788681288,19.253246353341307,dynamic
12,1500,1000,965.85103626943,29.791780981949692,88.72759178536889,32.42005024320708,static
12,1500,1000,605.5030224525043,29.226697307981162,73.92010763748762,20.71746308082353,dynamic
13,1500,1000,979.928509905254,29.77052761574749,89.0328844744955,32.91606123187782,static
13,1500,1000,539.8953488372093,29.172921436737127,69.11624381011443,18.506728920104845,dynamic
14,1500,1000,976.621668099742,30.044238890116468,89.21882515639919,32.506121112657546,static
14,1500,1000,469.9944110060189,29.247147547552082,58.80044012270338,16.069752109735447,dynamic
15,1500,1000,965.434763762462,29.68814045217141,89.3925819930542,32.51920629107134,static
15,1500,1000,501.09406155179886,28.8589082398825,62.99846060763442,17.36358345182635,dynamic
16,1500,1000,946.3856096510124,29.515597927797057,88.48137308550703,32.06391454329069,static
16,1500,1000,814.3791469194313,29.323150147691532,82.17349250898215,27.77256682237953,dynamic
17,1500,1000,964.8817436340096,30.03718701791239,88.3262311487014,32.12290628475334,static
17,1500,1000,536.0138109624514,29.122262927623076,65.85453165455826,18.405637374217612,dynamic
18,1500,1000,972.4211206896553,29.54062983757725,89.04786682126135,32.91809030600573,static
18,1500,1000,729.3137931034482,29.398416311124212,77.69300462511396,24.807927930032054,dynamic
19,1500,1000,981.3947594501718,30.01940077073161,89.81938596131376,32.69201697080557,static
19,1500,1000,672.1731099656357,29.55377980982813,74.439043558811,22.74406570973044,dynamic
20,1500,1000,943.5335643135556,29.852833048678605,88.1102468566373,31.6061649082019,static
20,1500,1000,522.7466435686445,28.925044146410947,62.827978128486784,18.072457933776647,dynamic
21,1500,1000,998.0514928602336,30.098291076500143,90.31309831000708,33.159739545461534,static
21,1500,1000,538.0675032453482,29.245487879903425,61.99031164006403,18.39830832896077,dynamic
22,1500,1000,980.9220163722532,29.881627224738804,89.91489843493605,32.82692769690115,static
22,1500,1000,509.32184403274454,28.79597703698773,64.30503827472211,17.68725691712189,dynamic
23,1500,1000,978.0281873373807,30.264013304966504,89.7365926577422,32.31653969623654,static
23,1500,1000,517.3356461405032,29.333386323732853,63.5676428387661,17.636410622047435,dynamic
24,1500,1000,991.6763431542461,29.90864710447211,89.65159515389865,33.15684389502075,static
24,1500,1000,520.6702772963605,29.123242093440968,61.56140140253916,17.878170144168934,dynamic
25,1500,1000,969.834051724138,29.997265010701103,89.14727108666064,32.33074919924077,static
25,1500,1000,586.3331896551723,29.592260385998483,72.8077862407079,19.813734469996586,dynamic
26,1500,1000,983.924577373212,30.447002308472467,89.81625954682552,32.31597539240885,static
26,1500,1000,563.1543129605549,29.569748028235804,64.83179573751279,19.044947979360714,dynamic
27,1500,1000,985.6033957335657,29.59486108207939,89.64432553656947,33.30319385517843,static
27,1500,1000,510.3730953417501,28.76701924184369,60.40466659654569,17.741605101698404,dynamic
28,1500,1000,959.1509271237602,29.609716491290325,89.0267989404946,32.39311417945841,static
28,1500,1000,520.3191030616645,28.87322384875923,61.546695052489774,18.02081768863591,dynamic
29,1500,1000,964.7674518201284,30.074386238832933,89.30173352880375,32.0793729307896,static
29,1500,1000,603.0989293361885,29.4779071764652,71.9018130779114,20.459353702616152,dynamic
30,1500,1000,985.9349978476108,29.834533452041825,88.62881354655079,33.046771099419864,static
30,1500,1000,595.5953508394317,29.02842299920351,69.42700585418041,20.51766128858512,dynamic
31,1500,1000,973.0012970168613,29.835576675915842,90.86110914317943,32.612116319584885,static
31,1500,1000,501.64894076956335,29.155848734603786,61.51285493080902,17.205773885573034,dynamic
32,1500,1000,992.6129170230968,30.353059976639344,89.43780038667748,32.70223555012385,static
32,1500,1000,544.4337040205304,29.39147857276145,65.03747842995097,18.523522138320875,dynamic
33,1500,1000,932.5167814113596,30.282964964393024,89.76621068598917,30.793443855574285,static
33,1500,1000,527.4100688468159,29.371618735777545,61.77388836376683,17.956452233406466,dynamic
34,1500,1000,934.6234622144113,30.073052966763548,86.68693985505236,31.0784363412437,static
34,1500,1000,719.8431458699472,29.657762680146927,77.37585454278394,24.271660463174943,dynamic
35,1500,1000,945.7251411202781,30.117762711359678,89.13305591794699,31.40090949596245,static
35,1500,1000,644.3178462874513,29.66645190060235,73.68131956920598,21.718736316909165,dynamic
36,1500,1000,960.2077753779697,29.954000810767752,88.23765027249443,32.05607763196687,static
36,1500,1000,503.4686825053996,29.164684177471685,62.65965586036932,17.262956781623746,dynamic
37,1500,1000,960.026247848537,29.944077957552643,88.67707644567295,32.060638140517355,static
37,1500,1000,493.57314974182447,29.140221210437552,61.99643388608831,16.937865576841766,dynamic
38,1500,1000,965.1281720430107,29.799565336335192,88.81231915282066,32.38732381328433,static
38,1500,1000,479.35440860215056,28.89465138445359,59.86627367742128,16.589728051194324,dynamic
39,1500,1000,968.2228941684664,30.064743917724947,88.92264761821802,32.204594751184345,static
39,1500,1000,645.8738660907127,29.33671127820463,73.92409530739921,22.015891964364705,dynamic
40,1500,1000,996.6545138888887,29.844653152831306,91.59771772478388,33.39474272946403,static
40,1500,1000,506.6710069444445,28.855035342980237,60.483376768365936,17.559188575650307,dynamic
41,1500,1000,989.7195174493753,29.94222152671276,90.06201561088886,33.05431150345353,static
41,1500,1000,502.6411029728565,29.07450905593426,61.747711092808416,17.288034064680616,dynamic
42,1500,1000,974.7849137931032,30.246135382987127,89.37219123975305,32.22841204173811,static
42,1500,1000,500.075,29.296437134255953,62.11348239801522,17.069481784024468,dynamic
43,1500,1000,967.9693833548944,30.16159586024212,90.09769768806468,32.0927774458657,static
43,1500,1000,769.1914618369988,29.85753210771707,80.4666946991049,25.762057596119643,dynamic
44,1500,1000,988.4630988347,30.158684293866767,89.5872753803745,32.7754052266703,static
44,1500,1000,542.5494173500216,29.10023293957137,63.84287824291121,18.644160631863762,dynamic
45,1500,1000,983.4085603112841,29.77476700032991,89.52712376773445,33.02825376602906,static
45,1500,1000,491.5819282317337,28.83916899769896,61.05753804689722,17.04563429934324,dynamic
46,1500,1000,980.8467532467532,29.72242806543445,89.35659187846356,33.00022296588294,static
46,1500,1000,518.8653679653679,28.90978222312001,62.8342734106325,17.947743914529248,dynamic
47,1500,1000,937.5017182130583,29.7496095110884,87.09132159669235,31.513076427562147,static
47,1500,1000,496.62070446735396,29.26561167446497,60.83232156362522,16.96942848799804,dynamic
48,1500,1000,979.3499570077387,30.491851291414953,88.7535625136078,32.11841575796602,static
48,1500,1000,681.6552020636285,29.9555377926796,76.40806985540445,22.75556549113962,dynamic
49,1500,1000,974.7674616695059,29.898807793019834,89.14989597070237,32.60221840340653,static
49,1500,1000,515.3828790459966,29.132779660820464,63.00502065108696,17.690824049279268,dynamic
